lease_id,description,period_no,period,opening_liability,lease_payment,interest_expense,principal_repayment,closing_liability,rou_opening,rou_depreciation,rou_closing
LSE101,Office - Pune Delivery Centre,1,2025-10,66649856,843000,510427,332573,66317283,66975856,697665,66278191
LSE101,Office - Pune Delivery Centre,2,2025-11,66317283,843000,507880,335120,65982163,66278191,697665,65580526
LSE101,Office - Pune Delivery Centre,3,2025-12,65982163,843000,505313,337687,65644476,65580526,697665,64882861
LSE101,Office - Pune Delivery Centre,4,2026-01,65644476,843000,502727,340273,65304203,64882861,697665,64185195
LSE101,Office - Pune Delivery Centre,5,2026-02,65304203,843000,500121,342879,64961325,64185195,697665,63487530
LSE101,Office - Pune Delivery Centre,6,2026-03,64961325,843000,497495,345505,64615820,63487530,697665,62789865
LSE101,Office - Pune Delivery Centre,7,2026-04,64615820,843000,494849,348151,64267670,62789865,697665,62092200
LSE101,Office - Pune Delivery Centre,8,2026-05,64267670,843000,492183,350817,63916853,62092200,697665,61394535
LSE101,Office - Pune Delivery Centre,9,2026-06,63916853,843000,489497,353503,63563349,61394535,697665,60696870
LSE101,Office - Pune Delivery Centre,10,2026-07,63563349,843000,486789,356211,63207139,60696870,697665,59999204
LSE101,Office - Pune Delivery Centre,11,2026-08,63207139,843000,484061,358939,62848200,59999204,697665,59301539
LSE101,Office - Pune Delivery Centre,12,2026-09,62848200,843000,481312,361688,62486513,59301539,697665,58603874
LSE101,Office - Pune Delivery Centre,13,2026-10,62486513,885150,478543,406607,62079905,58603874,697665,57906209
LSE101,Office - Pune Delivery Centre,14,2026-11,62079905,885150,475429,409721,61670184,57906209,697665,57208544
LSE101,Office - Pune Delivery Centre,15,2026-12,61670184,885150,472291,412859,61257325,57208544,697665,56510879
LSE101,Office - Pune Delivery Centre,16,2027-01,61257325,885150,469129,416021,60841304,56510879,697665,55813213
LSE101,Office - Pune Delivery Centre,17,2027-02,60841304,885150,465943,419207,60422097,55813213,697665,55115548
LSE101,Office - Pune Delivery Centre,18,2027-03,60422097,885150,462733,422417,59999679,55115548,697665,54417883
LSE101,Office - Pune Delivery Centre,19,2027-04,59999679,885150,459498,425652,59574027,54417883,697665,53720218
LSE101,Office - Pune Delivery Centre,20,2027-05,59574027,885150,456238,428912,59145114,53720218,697665,53022553
LSE101,Office - Pune Delivery Centre,21,2027-06,59145114,885150,452953,432197,58712917,53022553,697665,52324888
LSE101,Office - Pune Delivery Centre,22,2027-07,58712917,885150,449643,435507,58277411,52324888,697665,51627222
LSE101,Office - Pune Delivery Centre,23,2027-08,58277411,885150,446308,438842,57838568,51627222,697665,50929557
LSE101,Office - Pune Delivery Centre,24,2027-09,57838568,885150,442947,442203,57396365,50929557,697665,50231892
LSE101,Office - Pune Delivery Centre,25,2027-10,57396365,929408,439560,489847,56906518,50231892,697665,49534227
LSE101,Office - Pune Delivery Centre,26,2027-11,56906518,929408,435809,493598,56412920,49534227,697665,48836562
LSE101,Office - Pune Delivery Centre,27,2027-12,56412920,929408,432029,497379,55915541,48836562,697665,48138897
LSE101,Office - Pune Delivery Centre,28,2028-01,55915541,929408,428220,501188,55414354,48138897,697665,47441231
LSE101,Office - Pune Delivery Centre,29,2028-02,55414354,929408,424382,505026,54909328,47441231,697665,46743566
LSE101,Office - Pune Delivery Centre,30,2028-03,54909328,929408,420514,508894,54400434,46743566,697665,46045901
LSE101,Office - Pune Delivery Centre,31,2028-04,54400434,929408,416617,512791,53887643,46045901,697665,45348236
LSE101,Office - Pune Delivery Centre,32,2028-05,53887643,929408,412690,516718,53370925,45348236,697665,44650571
LSE101,Office - Pune Delivery Centre,33,2028-06,53370925,929408,408732,520675,52850250,44650571,697665,43952906
LSE101,Office - Pune Delivery Centre,34,2028-07,52850250,929408,404745,524663,52325588,43952906,697665,43255240
LSE101,Office - Pune Delivery Centre,35,2028-08,52325588,929408,400727,528681,51796907,43255240,697665,42557575
LSE101,Office - Pune Delivery Centre,36,2028-09,51796907,929408,396678,532730,51264177,42557575,697665,41859910
LSE101,Office - Pune Delivery Centre,37,2028-10,51264177,975878,392598,583280,50680898,41859910,697665,41162245
LSE101,Office - Pune Delivery Centre,38,2028-11,50680898,975878,388131,587747,50093151,41162245,697665,40464580
LSE101,Office - Pune Delivery Centre,39,2028-12,50093151,975878,383630,592248,49500903,40464580,697665,39766915
LSE101,Office - Pune Delivery Centre,40,2029-01,49500903,975878,379094,596783,48904120,39766915,697665,39069249
LSE101,Office - Pune Delivery Centre,41,2029-02,48904120,975878,374524,601354,48302766,39069249,697665,38371584
LSE101,Office - Pune Delivery Centre,42,2029-03,48302766,975878,369919,605959,47696807,38371584,697665,37673919
LSE101,Office - Pune Delivery Centre,43,2029-04,47696807,975878,365278,610600,47086207,37673919,697665,36976254
LSE101,Office - Pune Delivery Centre,44,2029-05,47086207,975878,360602,615276,46470931,36976254,697665,36278589
LSE101,Office - Pune Delivery Centre,45,2029-06,46470931,975878,355890,619988,45850943,36278589,697665,35580924
LSE101,Office - Pune Delivery Centre,46,2029-07,45850943,975878,351142,624736,45226207,35580924,697665,34883258
LSE101,Office - Pune Delivery Centre,47,2029-08,45226207,975878,346357,629521,44596686,34883258,697665,34185593
LSE101,Office - Pune Delivery Centre,48,2029-09,44596686,975878,341536,634342,43962345,34185593,697665,33487928
LSE101,Office - Pune Delivery Centre,49,2029-10,43962345,1024672,336678,687993,43274351,33487928,697665,32790263
LSE101,Office - Pune Delivery Centre,50,2029-11,43274351,1024672,331409,693262,42581089,32790263,697665,32092598
LSE101,Office - Pune Delivery Centre,51,2029-12,42581089,1024672,326100,698572,41882517,32092598,697665,31394933
LSE101,Office - Pune Delivery Centre,52,2030-01,41882517,1024672,320750,703921,41178596,31394933,697665,30697267
LSE101,Office - Pune Delivery Centre,53,2030-02,41178596,1024672,315359,709312,40469283,30697267,697665,29999602
LSE101,Office - Pune Delivery Centre,54,2030-03,40469283,1024672,309927,714745,39754539,29999602,697665,29301937
LSE101,Office - Pune Delivery Centre,55,2030-04,39754539,1024672,304454,720218,39034321,29301937,697665,28604272
LSE101,Office - Pune Delivery Centre,56,2030-05,39034321,1024672,298938,725734,38308587,28604272,697665,27906607
LSE101,Office - Pune Delivery Centre,57,2030-06,38308587,1024672,293380,731292,37577295,27906607,697665,27208942
LSE101,Office - Pune Delivery Centre,58,2030-07,37577295,1024672,287779,736892,36840403,27208942,697665,26511276
LSE101,Office - Pune Delivery Centre,59,2030-08,36840403,1024672,282136,742536,36097867,26511276,697665,25813611
LSE101,Office - Pune Delivery Centre,60,2030-09,36097867,1024672,276449,748222,35349645,25813611,697665,25115946
LSE101,Office - Pune Delivery Centre,61,2030-10,35349645,1075905,270719,805186,34544459,25115946,697665,24418281
LSE101,Office - Pune Delivery Centre,62,2030-11,34544459,1075905,264553,811352,33733106,24418281,697665,23720616
LSE101,Office - Pune Delivery Centre,63,2030-12,33733106,1075905,258339,817566,32915540,23720616,697665,23022951
LSE101,Office - Pune Delivery Centre,64,2031-01,32915540,1075905,252078,823827,32091713,23022951,697665,22325285
LSE101,Office - Pune Delivery Centre,65,2031-02,32091713,1075905,245769,830136,31261577,22325285,697665,21627620
LSE101,Office - Pune Delivery Centre,66,2031-03,31261577,1075905,239412,836494,30425083,21627620,697665,20929955
LSE101,Office - Pune Delivery Centre,67,2031-04,30425083,1075905,233005,842900,29582183,20929955,697665,20232290
LSE101,Office - Pune Delivery Centre,68,2031-05,29582183,1075905,226550,849355,28732828,20232290,697665,19534625
LSE101,Office - Pune Delivery Centre,69,2031-06,28732828,1075905,220046,855860,27876968,19534625,697665,18836960
LSE101,Office - Pune Delivery Centre,70,2031-07,27876968,1075905,213491,862414,27014554,18836960,697665,18139294
LSE101,Office - Pune Delivery Centre,71,2031-08,27014554,1075905,206886,869019,26145535,18139294,697665,17441629
LSE101,Office - Pune Delivery Centre,72,2031-09,26145535,1075905,200231,875674,25269861,17441629,697665,16743964
LSE101,Office - Pune Delivery Centre,73,2031-10,25269861,1129701,193525,936176,24333685,16743964,697665,16046299
LSE101,Office - Pune Delivery Centre,74,2031-11,24333685,1129701,186355,943345,23390340,16046299,697665,15348634
LSE101,Office - Pune Delivery Centre,75,2031-12,23390340,1129701,179131,950570,22439771,15348634,697665,14650969
LSE101,Office - Pune Delivery Centre,76,2032-01,22439771,1129701,171851,957849,21481921,14650969,697665,13953303
LSE101,Office - Pune Delivery Centre,77,2032-02,21481921,1129701,164516,965185,20516736,13953303,697665,13255638
LSE101,Office - Pune Delivery Centre,78,2032-03,20516736,1129701,157124,972577,19544160,13255638,697665,12557973
LSE101,Office - Pune Delivery Centre,79,2032-04,19544160,1129701,149676,980025,18564135,12557973,697665,11860308
LSE101,Office - Pune Delivery Centre,80,2032-05,18564135,1129701,142170,987530,17576604,11860308,697665,11162643
LSE101,Office - Pune Delivery Centre,81,2032-06,17576604,1129701,134607,995093,16581511,11162643,697665,10464978
LSE101,Office - Pune Delivery Centre,82,2032-07,16581511,1129701,126987,1002714,15578797,10464978,697665,9767312
LSE101,Office - Pune Delivery Centre,83,2032-08,15578797,1129701,119308,1010393,14568404,9767312,697665,9069647
LSE101,Office - Pune Delivery Centre,84,2032-09,14568404,1129701,111570,1018131,13550273,9069647,697665,8371982
LSE101,Office - Pune Delivery Centre,85,2032-10,13550273,1186186,103773,1082413,12467860,8371982,697665,7674317
LSE101,Office - Pune Delivery Centre,86,2032-11,12467860,1186186,95483,1090703,11377158,7674317,697665,6976652
LSE101,Office - Pune Delivery Centre,87,2032-12,11377158,1186186,87130,1099056,10278102,6976652,697665,6278987
LSE101,Office - Pune Delivery Centre,88,2033-01,10278102,1186186,78713,1107473,9170630,6278987,697665,5581321
LSE101,Office - Pune Delivery Centre,89,2033-02,9170630,1186186,70232,1115954,8054676,5581321,697665,4883656
LSE101,Office - Pune Delivery Centre,90,2033-03,8054676,1186186,61685,1124500,6930175,4883656,697665,4185991
LSE101,Office - Pune Delivery Centre,91,2033-04,6930175,1186186,53074,1133112,5797063,4185991,697665,3488326
LSE101,Office - Pune Delivery Centre,92,2033-05,5797063,1186186,44396,1141790,4655273,3488326,697665,2790661
LSE101,Office - Pune Delivery Centre,93,2033-06,4655273,1186186,35652,1150534,3504739,2790661,697665,2092996
LSE101,Office - Pune Delivery Centre,94,2033-07,3504739,1186186,26840,1159345,2345394,2092996,697665,1395330
LSE101,Office - Pune Delivery Centre,95,2033-08,2345394,1186186,17962,1168224,1177170,1395330,697665,697665
LSE101,Office - Pune Delivery Centre,96,2033-09,1177170,1186186,9015,1177170,0,697665,697665,0
LSE102,Vehicle - Pool Car,1,2025-09,2954869,62000,23294,38706,2916163,2974869,49581,2925288
LSE102,Vehicle - Pool Car,2,2025-10,2916163,62000,22989,39011,2877152,2925288,49581,2875707
LSE102,Vehicle - Pool Car,3,2025-11,2877152,62000,22682,39318,2837834,2875707,49581,2826126
LSE102,Vehicle - Pool Car,4,2025-12,2837834,62000,22372,39628,2798205,2826126,49581,2776544
LSE102,Vehicle - Pool Car,5,2026-01,2798205,62000,22059,39941,2758265,2776544,49581,2726963
LSE102,Vehicle - Pool Car,6,2026-02,2758265,62000,21744,40256,2718009,2726963,49581,2677382
LSE102,Vehicle - Pool Car,7,2026-03,2718009,62000,21427,40573,2677436,2677382,49581,2627801
LSE102,Vehicle - Pool Car,8,2026-04,2677436,62000,21107,40893,2636543,2627801,49581,2578220
LSE102,Vehicle - Pool Car,9,2026-05,2636543,62000,20785,41215,2595328,2578220,49581,2528639
LSE102,Vehicle - Pool Car,10,2026-06,2595328,62000,20460,41540,2553788,2528639,49581,2479058
LSE102,Vehicle - Pool Car,11,2026-07,2553788,62000,20132,41868,2511920,2479058,49581,2429476
LSE102,Vehicle - Pool Car,12,2026-08,2511920,62000,19802,42198,2469722,2429476,49581,2379895
LSE102,Vehicle - Pool Car,13,2026-09,2469722,62000,19470,42530,2427192,2379895,49581,2330314
LSE102,Vehicle - Pool Car,14,2026-10,2427192,62000,19134,42866,2384326,2330314,49581,2280733
LSE102,Vehicle - Pool Car,15,2026-11,2384326,62000,18796,43204,2341123,2280733,49581,2231152
LSE102,Vehicle - Pool Car,16,2026-12,2341123,62000,18456,43544,2297579,2231152,49581,2181571
LSE102,Vehicle - Pool Car,17,2027-01,2297579,62000,18113,43887,2253691,2181571,49581,2131989
LSE102,Vehicle - Pool Car,18,2027-02,2253691,62000,17767,44233,2209458,2131989,49581,2082408
LSE102,Vehicle - Pool Car,19,2027-03,2209458,62000,17418,44582,2164876,2082408,49581,2032827
LSE102,Vehicle - Pool Car,20,2027-04,2164876,62000,17066,44934,2119942,2032827,49581,1983246
LSE102,Vehicle - Pool Car,21,2027-05,2119942,62000,16712,45288,2074654,1983246,49581,1933665
LSE102,Vehicle - Pool Car,22,2027-06,2074654,62000,16355,45645,2029009,1933665,49581,1884084
LSE102,Vehicle - Pool Car,23,2027-07,2029009,62000,15995,46005,1983005,1884084,49581,1834503
LSE102,Vehicle - Pool Car,24,2027-08,1983005,62000,15633,46367,1936638,1834503,49581,1784921
LSE102,Vehicle - Pool Car,25,2027-09,1936638,62000,15267,46733,1889905,1784921,49581,1735340
LSE102,Vehicle - Pool Car,26,2027-10,1889905,62000,14899,47101,1842803,1735340,49581,1685759
LSE102,Vehicle - Pool Car,27,2027-11,1842803,62000,14527,47473,1795331,1685759,49581,1636178
LSE102,Vehicle - Pool Car,28,2027-12,1795331,62000,14153,47847,1747484,1636178,49581,1586597
LSE102,Vehicle - Pool Car,29,2028-01,1747484,62000,13776,48224,1699260,1586597,49581,1537016
LSE102,Vehicle - Pool Car,30,2028-02,1699260,62000,13396,48604,1650656,1537016,49581,1487435
LSE102,Vehicle - Pool Car,31,2028-03,1650656,62000,13013,48987,1601669,1487435,49581,1437853
LSE102,Vehicle - Pool Car,32,2028-04,1601669,62000,12626,49374,1552295,1437853,49581,1388272
LSE102,Vehicle - Pool Car,33,2028-05,1552295,62000,12237,49763,1502532,1388272,49581,1338691
LSE102,Vehicle - Pool Car,34,2028-06,1502532,62000,11845,50155,1452377,1338691,49581,1289110
LSE102,Vehicle - Pool Car,35,2028-07,1452377,62000,11450,50550,1401827,1289110,49581,1239529
LSE102,Vehicle - Pool Car,36,2028-08,1401827,62000,11051,50949,1350878,1239529,49581,1189948
LSE102,Vehicle - Pool Car,37,2028-09,1350878,62000,10649,51351,1299527,1189948,49581,1140366
LSE102,Vehicle - Pool Car,38,2028-10,1299527,62000,10245,51755,1247772,1140366,49581,1090785
LSE102,Vehicle - Pool Car,39,2028-11,1247772,62000,9837,52163,1195609,1090785,49581,1041204
LSE102,Vehicle - Pool Car,40,2028-12,1195609,62000,9425,52575,1143034,1041204,49581,991623
LSE102,Vehicle - Pool Car,41,2029-01,1143034,62000,9011,52989,1090045,991623,49581,942042
LSE102,Vehicle - Pool Car,42,2029-02,1090045,62000,8593,53407,1036638,942042,49581,892461
LSE102,Vehicle - Pool Car,43,2029-03,1036638,62000,8172,53828,982810,892461,49581,842880
LSE102,Vehicle - Pool Car,44,2029-04,982810,62000,7748,54252,928558,842880,49581,793298
LSE102,Vehicle - Pool Car,45,2029-05,928558,62000,7320,54680,873878,793298,49581,743717
LSE102,Vehicle - Pool Car,46,2029-06,873878,62000,6889,55111,818767,743717,49581,694136
LSE102,Vehicle - Pool Car,47,2029-07,818767,62000,6455,55545,763222,694136,49581,644555
LSE102,Vehicle - Pool Car,48,2029-08,763222,62000,6017,55983,707239,644555,49581,594974
LSE102,Vehicle - Pool Car,49,2029-09,707239,62000,5575,56425,650814,594974,49581,545393
LSE102,Vehicle - Pool Car,50,2029-10,650814,62000,5131,56869,593945,545393,49581,495812
LSE102,Vehicle - Pool Car,51,2029-11,593945,62000,4682,57318,536627,495812,49581,446230
LSE102,Vehicle - Pool Car,52,2029-12,536627,62000,4230,57770,478857,446230,49581,396649
LSE102,Vehicle - Pool Car,53,2030-01,478857,62000,3775,58225,420632,396649,49581,347068
LSE102,Vehicle - Pool Car,54,2030-02,420632,62000,3316,58684,361948,347068,49581,297487
LSE102,Vehicle - Pool Car,55,2030-03,361948,62000,2853,59147,302802,297487,49581,247906
LSE102,Vehicle - Pool Car,56,2030-04,302802,62000,2387,59613,243189,247906,49581,198325
LSE102,Vehicle - Pool Car,57,2030-05,243189,62000,1917,60083,183106,198325,49581,148743
LSE102,Vehicle - Pool Car,58,2030-06,183106,62000,1443,60557,122549,148743,49581,99162
LSE102,Vehicle - Pool Car,59,2030-07,122549,62000,966,61034,61515,99162,49581,49581
LSE102,Vehicle - Pool Car,60,2030-08,61515,62000,485,61515,0,49581,49581,0
LSE103,Office Equipment - Copiers,1,2025-03,3600210,115000,33632,81368,3518842,3623210,100645,3522565
LSE103,Office Equipment - Copiers,2,2025-04,3518842,115000,32872,82128,3436714,3522565,100645,3421921
LSE103,Office Equipment - Copiers,3,2025-05,3436714,115000,32105,82895,3353818,3421921,100645,3321276
LSE103,Office Equipment - Copiers,4,2025-06,3353818,115000,31330,83670,3270149,3321276,100645,3220631
LSE103,Office Equipment - Copiers,5,2025-07,3270149,115000,30549,84451,3185697,3220631,100645,3119986
LSE103,Office Equipment - Copiers,6,2025-08,3185697,115000,29760,85240,3100457,3119986,100645,3019342
LSE103,Office Equipment - Copiers,7,2025-09,3100457,115000,28963,86037,3014420,3019342,100645,2918697
LSE103,Office Equipment - Copiers,8,2025-10,3014420,115000,28160,86840,2927580,2918697,100645,2818052
LSE103,Office Equipment - Copiers,9,2025-11,2927580,115000,27348,87652,2839929,2818052,100645,2717408
LSE103,Office Equipment - Copiers,10,2025-12,2839929,115000,26530,88470,2751458,2717408,100645,2616763
LSE103,Office Equipment - Copiers,11,2026-01,2751458,115000,25703,89297,2662162,2616763,100645,2516118
LSE103,Office Equipment - Copiers,12,2026-02,2662162,115000,24869,90131,2572031,2516118,100645,2415473
LSE103,Office Equipment - Copiers,13,2026-03,2572031,118450,24027,94423,2477608,2415473,100645,2314829
LSE103,Office Equipment - Copiers,14,2026-04,2477608,118450,23145,95305,2382303,2314829,100645,2214184
LSE103,Office Equipment - Copiers,15,2026-05,2382303,118450,22255,96195,2286107,2214184,100645,2113539
LSE103,Office Equipment - Copiers,16,2026-06,2286107,118450,21356,97094,2189013,2113539,100645,2012894
LSE103,Office Equipment - Copiers,17,2026-07,2189013,118450,20449,98001,2091012,2012894,100645,1912250
LSE103,Office Equipment - Copiers,18,2026-08,2091012,118450,19534,98916,1992096,1912250,100645,1811605
LSE103,Office Equipment - Copiers,19,2026-09,1992096,118450,18609,99841,1892255,1811605,100645,1710960
LSE103,Office Equipment - Copiers,20,2026-10,1892255,118450,17677,100773,1791482,1710960,100645,1610316
LSE103,Office Equipment - Copiers,21,2026-11,1791482,118450,16735,101715,1689768,1610316,100645,1509671
LSE103,Office Equipment - Copiers,22,2026-12,1689768,118450,15785,102665,1587103,1509671,100645,1409026
LSE103,Office Equipment - Copiers,23,2027-01,1587103,118450,14826,103624,1483479,1409026,100645,1308381
LSE103,Office Equipment - Copiers,24,2027-02,1483479,118450,13858,104592,1378887,1308381,100645,1207737
LSE103,Office Equipment - Copiers,25,2027-03,1378887,122004,12881,109122,1269765,1207737,100645,1107092
LSE103,Office Equipment - Copiers,26,2027-04,1269765,122004,11862,110142,1159623,1107092,100645,1006447
LSE103,Office Equipment - Copiers,27,2027-05,1159623,122004,10833,111171,1048452,1006447,100645,905803
LSE103,Office Equipment - Copiers,28,2027-06,1048452,122004,9794,112209,936243,905803,100645,805158
LSE103,Office Equipment - Copiers,29,2027-07,936243,122004,8746,113257,822986,805158,100645,704513
LSE103,Office Equipment - Copiers,30,2027-08,822986,122004,7688,114315,708670,704513,100645,603868
LSE103,Office Equipment - Copiers,31,2027-09,708670,122004,6620,115383,593287,603868,100645,503224
LSE103,Office Equipment - Copiers,32,2027-10,593287,122004,5542,116461,476826,503224,100645,402579
LSE103,Office Equipment - Copiers,33,2027-11,476826,122004,4454,117549,359277,402579,100645,301934
LSE103,Office Equipment - Copiers,34,2027-12,359277,122004,3356,118647,240629,301934,100645,201289
LSE103,Office Equipment - Copiers,35,2028-01,240629,122004,2248,119756,120874,201289,100645,100645
LSE103,Office Equipment - Copiers,36,2028-02,120874,122004,1129,120874,0,100645,100645,0
LSE104,Office - Pune Delivery Centre,1,2024-09,54668934,656000,492476,163524,54505410,55566934,544774,55022160
LSE104,Office - Pune Delivery Centre,2,2024-10,54505410,656000,491003,164997,54340413,55022160,544774,54477386
LSE104,Office - Pune Delivery Centre,3,2024-11,54340413,656000,489517,166483,54173929,54477386,544774,53932612
LSE104,Office - Pune Delivery Centre,4,2024-12,54173929,656000,488017,167983,54005946,53932612,544774,53387839
LSE104,Office - Pune Delivery Centre,5,2025-01,54005946,656000,486504,169496,53836450,53387839,544774,52843065
LSE104,Office - Pune Delivery Centre,6,2025-02,53836450,656000,484977,171023,53665427,52843065,544774,52298291
LSE104,Office - Pune Delivery Centre,7,2025-03,53665427,656000,483436,172564,53492863,52298291,544774,51753517
LSE104,Office - Pune Delivery Centre,8,2025-04,53492863,656000,481882,174118,53318744,51753517,544774,51208743
LSE104,Office - Pune Delivery Centre,9,2025-05,53318744,656000,480313,175687,53143057,51208743,544774,50663969
LSE104,Office - Pune Delivery Centre,10,2025-06,53143057,656000,478730,177270,52965787,50663969,544774,50119195
LSE104,Office - Pune Delivery Centre,11,2025-07,52965787,656000,477133,178867,52786921,50119195,544774,49574422
LSE104,Office - Pune Delivery Centre,12,2025-08,52786921,656000,475522,180478,52606443,49574422,544774,49029648
LSE104,Office - Pune Delivery Centre,13,2025-09,52606443,701920,473896,228024,52378420,49029648,544774,48484874
LSE104,Office - Pune Delivery Centre,14,2025-10,52378420,701920,471842,230078,52148342,48484874,544774,47940100
LSE104,Office - Pune Delivery Centre,15,2025-11,52148342,701920,469770,232150,51916191,47940100,544774,47395326
LSE104,Office - Pune Delivery Centre,16,2025-12,51916191,701920,467678,234242,51681950,47395326,544774,46850552
LSE104,Office - Pune Delivery Centre,17,2026-01,51681950,701920,465568,236352,51445598,46850552,544774,46305778
LSE104,Office - Pune Delivery Centre,18,2026-02,51445598,701920,463439,238481,51207117,46305778,544774,45761004
LSE104,Office - Pune Delivery Centre,19,2026-03,51207117,701920,461291,240629,50966488,45761004,544774,45216231
LSE104,Office - Pune Delivery Centre,20,2026-04,50966488,701920,459123,242797,50723691,45216231,544774,44671457
LSE104,Office - Pune Delivery Centre,21,2026-05,50723691,701920,456936,244984,50478707,44671457,544774,44126683
LSE104,Office - Pune Delivery Centre,22,2026-06,50478707,701920,454729,247191,50231516,44126683,544774,43581909
LSE104,Office - Pune Delivery Centre,23,2026-07,50231516,701920,452502,249418,49982098,43581909,544774,43037135
LSE104,Office - Pune Delivery Centre,24,2026-08,49982098,701920,450255,251665,49730434,43037135,544774,42492361
LSE104,Office - Pune Delivery Centre,25,2026-09,49730434,751054,447988,303066,49427367,42492361,544774,41947587
LSE104,Office - Pune Delivery Centre,26,2026-10,49427367,751054,445258,305796,49121571,41947587,544774,41402814
LSE104,Office - Pune Delivery Centre,27,2026-11,49121571,751054,442503,308551,48813020,41402814,544774,40858040
LSE104,Office - Pune Delivery Centre,28,2026-12,48813020,751054,439724,311330,48501690,40858040,544774,40313266
LSE104,Office - Pune Delivery Centre,29,2027-01,48501690,751054,436919,314135,48187555,40313266,544774,39768492
LSE104,Office - Pune Delivery Centre,30,2027-02,48187555,751054,434090,316965,47870590,39768492,544774,39223718
LSE104,Office - Pune Delivery Centre,31,2027-03,47870590,751054,431234,319820,47550770,39223718,544774,38678944
LSE104,Office - Pune Delivery Centre,32,2027-04,47550770,751054,428353,322701,47228069,38678944,544774,38134170
LSE104,Office - Pune Delivery Centre,33,2027-05,47228069,751054,425446,325608,46902460,38134170,544774,37589397
LSE104,Office - Pune Delivery Centre,34,2027-06,46902460,751054,422513,328541,46573919,37589397,544774,37044623
LSE104,Office - Pune Delivery Centre,35,2027-07,46573919,751054,419553,331501,46242418,37044623,544774,36499849
LSE104,Office - Pune Delivery Centre,36,2027-08,46242418,751054,416567,334487,45907931,36499849,544774,35955075
LSE104,Office - Pune Delivery Centre,37,2027-09,45907931,803628,413554,390074,45517857,35955075,544774,35410301
LSE104,Office - Pune Delivery Centre,38,2027-10,45517857,803628,410040,393588,45124268,35410301,544774,34865527
LSE104,Office - Pune Delivery Centre,39,2027-11,45124268,803628,406494,397134,44727135,34865527,544774,34320753
LSE104,Office - Pune Delivery Centre,40,2027-12,44727135,803628,402917,400711,44326423,34320753,544774,33775979
LSE104,Office - Pune Delivery Centre,41,2028-01,44326423,803628,399307,404321,43922102,33775979,544774,33231206
LSE104,Office - Pune Delivery Centre,42,2028-02,43922102,803628,395665,407963,43514139,33231206,544774,32686432
LSE104,Office - Pune Delivery Centre,43,2028-03,43514139,803628,391990,411638,43102501,32686432,544774,32141658
LSE104,Office - Pune Delivery Centre,44,2028-04,43102501,803628,388282,415347,42687154,32141658,544774,31596884
LSE104,Office - Pune Delivery Centre,45,2028-05,42687154,803628,384540,419088,42268066,31596884,544774,31052110
LSE104,Office - Pune Delivery Centre,46,2028-06,42268066,803628,380765,422863,41845203,31052110,544774,30507336
LSE104,Office - Pune Delivery Centre,47,2028-07,41845203,803628,376956,426673,41418530,30507336,544774,29962562
LSE104,Office - Pune Delivery Centre,48,2028-08,41418530,803628,373112,430516,40988014,29962562,544774,29417789
LSE104,Office - Pune Delivery Centre,49,2028-09,40988014,859882,369234,490648,40497365,29417789,544774,28873015
LSE104,Office - Pune Delivery Centre,50,2028-10,40497365,859882,364814,495068,40002297,28873015,544774,28328241
LSE104,Office - Pune Delivery Centre,51,2028-11,40002297,859882,360354,499528,39502769,28328241,544774,27783467
LSE104,Office - Pune Delivery Centre,52,2028-12,39502769,859882,355854,504028,38998741,27783467,544774,27238693
LSE104,Office - Pune Delivery Centre,53,2029-01,38998741,859882,351314,508569,38490172,27238693,544774,26693919
LSE104,Office - Pune Delivery Centre,54,2029-02,38490172,859882,346732,513150,37977022,26693919,544774,26149145
LSE104,Office - Pune Delivery Centre,55,2029-03,37977022,859882,342110,517773,37459250,26149145,544774,25604372
LSE104,Office - Pune Delivery Centre,56,2029-04,37459250,859882,337445,522437,36936813,25604372,544774,25059598
LSE104,Office - Pune Delivery Centre,57,2029-05,36936813,859882,332739,527143,36409670,25059598,544774,24514824
LSE104,Office - Pune Delivery Centre,58,2029-06,36409670,859882,327990,531892,35877778,24514824,544774,23970050
LSE104,Office - Pune Delivery Centre,59,2029-07,35877778,859882,323199,536683,35341095,23970050,544774,23425276
LSE104,Office - Pune Delivery Centre,60,2029-08,35341095,859882,318364,541518,34799577,23425276,544774,22880502
LSE104,Office - Pune Delivery Centre,61,2029-09,34799577,920074,313486,606588,34192989,22880502,544774,22335728
LSE104,Office - Pune Delivery Centre,62,2029-10,34192989,920074,308022,612052,33580937,22335728,544774,21790955
LSE104,Office - Pune Delivery Centre,63,2029-11,33580937,920074,302508,617566,32963372,21790955,544774,21246181
LSE104,Office - Pune Delivery Centre,64,2029-12,32963372,920074,296945,623129,32340243,21246181,544774,20701407
LSE104,Office - Pune Delivery Centre,65,2030-01,32340243,920074,291332,628742,31711500,20701407,544774,20156633
LSE104,Office - Pune Delivery Centre,66,2030-02,31711500,920074,285668,634406,31077094,20156633,544774,19611859
LSE104,Office - Pune Delivery Centre,67,2030-03,31077094,920074,279953,640121,30436973,19611859,544774,19067085
LSE104,Office - Pune Delivery Centre,68,2030-04,30436973,920074,274186,645888,29791086,19067085,544774,18522311
LSE104,Office - Pune Delivery Centre,69,2030-05,29791086,920074,268368,651706,29139380,18522311,544774,17977537
LSE104,Office - Pune Delivery Centre,70,2030-06,29139380,920074,262497,657577,28481803,17977537,544774,17432764
LSE104,Office - Pune Delivery Centre,71,2030-07,28481803,920074,256574,663500,27818303,17432764,544774,16887990
LSE104,Office - Pune Delivery Centre,72,2030-08,27818303,920074,250597,669477,27148825,16887990,544774,16343216
LSE104,Office - Pune Delivery Centre,73,2030-09,27148825,984479,244566,739913,26408912,16343216,544774,15798442
LSE104,Office - Pune Delivery Centre,74,2030-10,26408912,984479,237900,746579,25662333,15798442,544774,15253668
LSE104,Office - Pune Delivery Centre,75,2030-11,25662333,984479,231175,753304,24909029,15253668,544774,14708894
LSE104,Office - Pune Delivery Centre,76,2030-12,24909029,984479,224389,760090,24148938,14708894,544774,14164120
LSE104,Office - Pune Delivery Centre,77,2031-01,24148938,984479,217542,766937,23382001,14164120,544774,13619347
LSE104,Office - Pune Delivery Centre,78,2031-02,23382001,984479,210633,773846,22608155,13619347,544774,13074573
LSE104,Office - Pune Delivery Centre,79,2031-03,22608155,984479,203662,780817,21827337,13074573,544774,12529799
LSE104,Office - Pune Delivery Centre,80,2031-04,21827337,984479,196628,787851,21039486,12529799,544774,11985025
LSE104,Office - Pune Delivery Centre,81,2031-05,21039486,984479,189531,794948,20244538,11985025,544774,11440251
LSE104,Office - Pune Delivery Centre,82,2031-06,20244538,984479,182370,802110,19442428,11440251,544774,10895477
LSE104,Office - Pune Delivery Centre,83,2031-07,19442428,984479,175144,809335,18633093,10895477,544774,10350703
LSE104,Office - Pune Delivery Centre,84,2031-08,18633093,984479,167853,816626,17816467,10350703,544774,9805930
LSE104,Office - Pune Delivery Centre,85,2031-09,17816467,1053393,160497,892896,16923571,9805930,544774,9261156
LSE104,Office - Pune Delivery Centre,86,2031-10,16923571,1053393,152453,900939,16022632,9261156,544774,8716382
LSE104,Office - Pune Delivery Centre,87,2031-11,16022632,1053393,144337,909055,15113576,8716382,544774,8171608
LSE104,Office - Pune Delivery Centre,88,2031-12,15113576,1053393,136148,917245,14196332,8171608,544774,7626834
LSE104,Office - Pune Delivery Centre,89,2032-01,14196332,1053393,127885,925507,13270824,7626834,544774,7082060
LSE104,Office - Pune Delivery Centre,90,2032-02,13270824,1053393,119548,933845,12336980,7082060,544774,6537286
LSE104,Office - Pune Delivery Centre,91,2032-03,12336980,1053393,111136,942257,11394723,6537286,544774,5992512
LSE104,Office - Pune Delivery Centre,92,2032-04,11394723,1053393,102647,950745,10443977,5992512,544774,5447739
LSE104,Office - Pune Delivery Centre,93,2032-05,10443977,1053393,94083,959310,9484668,5447739,544774,4902965
LSE104,Office - Pune Delivery Centre,94,2032-06,9484668,1053393,85441,967952,8516716,4902965,544774,4358191
LSE104,Office - Pune Delivery Centre,95,2032-07,8516716,1053393,76721,976671,7540045,4358191,544774,3813417
LSE104,Office - Pune Delivery Centre,96,2032-08,7540045,1053393,67923,985469,6554575,3813417,544774,3268643
LSE104,Office - Pune Delivery Centre,97,2032-09,6554575,1127130,59046,1068084,5486491,3268643,544774,2723869
LSE104,Office - Pune Delivery Centre,98,2032-10,5486491,1127130,49424,1077706,4408785,2723869,544774,2179095
LSE104,Office - Pune Delivery Centre,99,2032-11,4408785,1127130,39716,1087414,3321371,2179095,544774,1634322
LSE104,Office - Pune Delivery Centre,100,2032-12,3321371,1127130,29920,1097210,2224161,1634322,544774,1089548
LSE104,Office - Pune Delivery Centre,101,2033-01,2224161,1127130,20036,1107094,1117066,1089548,544774,544774
LSE104,Office - Pune Delivery Centre,102,2033-02,1117066,1127130,10063,1117067,0,544774,544774,0
LSE105,Vehicle - Pool Car,1,2024-08,2010624,46000,16085,29915,1980709,2019624,37400,1982224
LSE105,Vehicle - Pool Car,2,2024-09,1980709,46000,15846,30154,1950555,1982224,37400,1944823
LSE105,Vehicle - Pool Car,3,2024-10,1950555,46000,15604,30396,1920159,1944823,37400,1907423
LSE105,Vehicle - Pool Car,4,2024-11,1920159,46000,15361,30639,1889520,1907423,37400,1870022
LSE105,Vehicle - Pool Car,5,2024-12,1889520,46000,15116,30884,1858637,1870022,37400,1832622
LSE105,Vehicle - Pool Car,6,2025-01,1858637,46000,14869,31131,1827506,1832622,37400,1795221
LSE105,Vehicle - Pool Car,7,2025-02,1827506,46000,14620,31380,1796126,1795221,37400,1757821
LSE105,Vehicle - Pool Car,8,2025-03,1796126,46000,14369,31631,1764495,1757821,37400,1720420
LSE105,Vehicle - Pool Car,9,2025-04,1764495,46000,14116,31884,1732611,1720420,37400,1683020
LSE105,Vehicle - Pool Car,10,2025-05,1732611,46000,13861,32139,1700472,1683020,37400,1645620
LSE105,Vehicle - Pool Car,11,2025-06,1700472,46000,13604,32396,1668075,1645620,37400,1608219
LSE105,Vehicle - Pool Car,12,2025-07,1668075,46000,13345,32655,1635420,1608219,37400,1570819
LSE105,Vehicle - Pool Car,13,2025-08,1635420,46000,13083,32917,1602503,1570819,37400,1533418
LSE105,Vehicle - Pool Car,14,2025-09,1602503,46000,12820,33180,1569323,1533418,37400,1496018
LSE105,Vehicle - Pool Car,15,2025-10,1569323,46000,12555,33445,1535878,1496018,37400,1458617
LSE105,Vehicle - Pool Car,16,2025-11,1535878,46000,12287,33713,1502165,1458617,37400,1421217
LSE105,Vehicle - Pool Car,17,2025-12,1502165,46000,12017,33983,1468182,1421217,37400,1383816
LSE105,Vehicle - Pool Car,18,2026-01,1468182,46000,11745,34255,1433928,1383816,37400,1346416
LSE105,Vehicle - Pool Car,19,2026-02,1433928,46000,11471,34529,1399399,1346416,37400,1309016
LSE105,Vehicle - Pool Car,20,2026-03,1399399,46000,11195,34805,1364594,1309016,37400,1271615
LSE105,Vehicle - Pool Car,21,2026-04,1364594,46000,10917,35083,1329511,1271615,37400,1234215
LSE105,Vehicle - Pool Car,22,2026-05,1329511,46000,10636,35364,1294147,1234215,37400,1196814
LSE105,Vehicle - Pool Car,23,2026-06,1294147,46000,10353,35647,1258500,1196814,37400,1159414
LSE105,Vehicle - Pool Car,24,2026-07,1258500,46000,10068,35932,1222568,1159414,37400,1122013
LSE105,Vehicle - Pool Car,25,2026-08,1222568,46000,9781,36219,1186349,1122013,37400,1084613
LSE105,Vehicle - Pool Car,26,2026-09,1186349,46000,9491,36509,1149840,1084613,37400,1047212
LSE105,Vehicle - Pool Car,27,2026-10,1149840,46000,9199,36801,1113038,1047212,37400,1009812
LSE105,Vehicle - Pool Car,28,2026-11,1113038,46000,8904,37096,1075943,1009812,37400,972412
LSE105,Vehicle - Pool Car,29,2026-12,1075943,46000,8608,37392,1038550,972412,37400,935011
LSE105,Vehicle - Pool Car,30,2027-01,1038550,46000,8308,37692,1000859,935011,37400,897611
LSE105,Vehicle - Pool Car,31,2027-02,1000859,46000,8007,37993,962865,897611,37400,860210
LSE105,Vehicle - Pool Car,32,2027-03,962865,46000,7703,38297,924568,860210,37400,822810
LSE105,Vehicle - Pool Car,33,2027-04,924568,46000,7397,38603,885965,822810,37400,785409
LSE105,Vehicle - Pool Car,34,2027-05,885965,46000,7088,38912,847053,785409,37400,748009
LSE105,Vehicle - Pool Car,35,2027-06,847053,46000,6776,39224,807829,748009,37400,710608
LSE105,Vehicle - Pool Car,36,2027-07,807829,46000,6463,39537,768292,710608,37400,673208
LSE105,Vehicle - Pool Car,37,2027-08,768292,46000,6146,39854,728438,673208,37400,635808
LSE105,Vehicle - Pool Car,38,2027-09,728438,46000,5828,40172,688266,635808,37400,598407
LSE105,Vehicle - Pool Car,39,2027-10,688266,46000,5506,40494,647772,598407,37400,561007
LSE105,Vehicle - Pool Car,40,2027-11,647772,46000,5182,40818,606954,561007,37400,523606
LSE105,Vehicle - Pool Car,41,2027-12,606954,46000,4856,41144,565809,523606,37400,486206
LSE105,Vehicle - Pool Car,42,2028-01,565809,46000,4526,41474,524336,486206,37400,448805
LSE105,Vehicle - Pool Car,43,2028-02,524336,46000,4195,41805,482531,448805,37400,411405
LSE105,Vehicle - Pool Car,44,2028-03,482531,46000,3860,42140,440391,411405,37400,374004
LSE105,Vehicle - Pool Car,45,2028-04,440391,46000,3523,42477,397914,374004,37400,336604
LSE105,Vehicle - Pool Car,46,2028-05,397914,46000,3183,42817,355097,336604,37400,299204
LSE105,Vehicle - Pool Car,47,2028-06,355097,46000,2841,43159,311938,299204,37400,261803
LSE105,Vehicle - Pool Car,48,2028-07,311938,46000,2496,43504,268434,261803,37400,224403
LSE105,Vehicle - Pool Car,49,2028-08,268434,46000,2147,43853,224581,224403,37400,187002
LSE105,Vehicle - Pool Car,50,2028-09,224581,46000,1797,44203,180378,187002,37400,149602
LSE105,Vehicle - Pool Car,51,2028-10,180378,46000,1443,44557,135821,149602,37400,112201
LSE105,Vehicle - Pool Car,52,2028-11,135821,46000,1087,44913,90907,112201,37400,74801
LSE105,Vehicle - Pool Car,53,2028-12,90907,46000,727,45273,45635,74801,37400,37400
LSE105,Vehicle - Pool Car,54,2029-01,45635,46000,365,45635,0,37400,37400,0
LSE106,Networking Equipment,1,2025-07,4907231,135000,42488,92512,4814719,4965231,118220,4847011
LSE106,Networking Equipment,2,2025-08,4814719,135000,41687,93313,4721407,4847011,118220,4728791
LSE106,Networking Equipment,3,2025-09,4721407,135000,40880,94120,4627286,4728791,118220,4610572
LSE106,Networking Equipment,4,2025-10,4627286,135000,40065,94935,4532351,4610572,118220,4492352
LSE106,Networking Equipment,5,2025-11,4532351,135000,39243,95757,4436594,4492352,118220,4374132
LSE106,Networking Equipment,6,2025-12,4436594,135000,38414,96586,4340007,4374132,118220,4255912
LSE106,Networking Equipment,7,2026-01,4340007,135000,37577,97423,4242584,4255912,118220,4137693
LSE106,Networking Equipment,8,2026-02,4242584,135000,36734,98266,4144318,4137693,118220,4019473
LSE106,Networking Equipment,9,2026-03,4144318,135000,35883,99117,4045201,4019473,118220,3901253
LSE106,Networking Equipment,10,2026-04,4045201,135000,35025,99975,3945226,3901253,118220,3783033
LSE106,Networking Equipment,11,2026-05,3945226,135000,34159,100841,3844385,3783033,118220,3664813
LSE106,Networking Equipment,12,2026-06,3844385,135000,33286,101714,3742671,3664813,118220,3546594
LSE106,Networking Equipment,13,2026-07,3742671,139050,32405,106645,3636026,3546594,118220,3428374
LSE106,Networking Equipment,14,2026-08,3636026,139050,31482,107568,3528458,3428374,118220,3310154
LSE106,Networking Equipment,15,2026-09,3528458,139050,30551,108499,3419958,3310154,118220,3191934
LSE106,Networking Equipment,16,2026-10,3419958,139050,29611,109439,3310520,3191934,118220,3073714
LSE106,Networking Equipment,17,2026-11,3310520,139050,28664,110386,3200133,3073714,118220,2955495
LSE106,Networking Equipment,18,2026-12,3200133,139050,27708,111342,3088791,2955495,118220,2837275
LSE106,Networking Equipment,19,2027-01,3088791,139050,26744,112306,2976485,2837275,118220,2719055
LSE106,Networking Equipment,20,2027-02,2976485,139050,25771,113279,2863206,2719055,118220,2600835
LSE106,Networking Equipment,21,2027-03,2863206,139050,24791,114259,2748947,2600835,118220,2482615
LSE106,Networking Equipment,22,2027-04,2748947,139050,23801,115249,2633698,2482615,118220,2364396
LSE106,Networking Equipment,23,2027-05,2633698,139050,22803,116247,2517451,2364396,118220,2246176
LSE106,Networking Equipment,24,2027-06,2517451,139050,21797,117253,2400198,2246176,118220,2127956
LSE106,Networking Equipment,25,2027-07,2400198,143222,20782,122440,2277759,2127956,118220,2009736
LSE106,Networking Equipment,26,2027-08,2277759,143222,19722,123500,2154259,2009736,118220,1891517
LSE106,Networking Equipment,27,2027-09,2154259,143222,18652,124569,2029690,1891517,118220,1773297
LSE106,Networking Equipment,28,2027-10,2029690,143222,17574,125648,1904042,1773297,118220,1655077
LSE106,Networking Equipment,29,2027-11,1904042,143222,16486,126736,1777306,1655077,118220,1536857
LSE106,Networking Equipment,30,2027-12,1777306,143222,15389,127833,1649473,1536857,118220,1418637
LSE106,Networking Equipment,31,2028-01,1649473,143222,14282,128940,1520533,1418637,118220,1300418
LSE106,Networking Equipment,32,2028-02,1520533,143222,13165,130056,1390477,1300418,118220,1182198
LSE106,Networking Equipment,33,2028-03,1390477,143222,12039,131182,1259295,1182198,118220,1063978
LSE106,Networking Equipment,34,2028-04,1259295,143222,10903,132318,1126977,1063978,118220,945758
LSE106,Networking Equipment,35,2028-05,1126977,143222,9758,133464,993513,945758,118220,827538
LSE106,Networking Equipment,36,2028-06,993513,143222,8602,134619,858894,827538,118220,709319
LSE106,Networking Equipment,37,2028-07,858894,147518,7437,140082,718812,709319,118220,591099
LSE106,Networking Equipment,38,2028-08,718812,147518,6224,141294,577518,591099,118220,472879
LSE106,Networking Equipment,39,2028-09,577518,147518,5000,142518,435000,472879,118220,354659
LSE106,Networking Equipment,40,2028-10,435000,147518,3766,143752,291248,354659,118220,236440
LSE106,Networking Equipment,41,2028-11,291248,147518,2522,144996,146252,236440,118220,118220
LSE106,Networking Equipment,42,2028-12,146252,147518,1266,146252,0,118220,118220,0
LSE107,Office - Bengaluru HQ,1,2024-11,57793353,875000,447898,427102,57366251,58123353,745171,57378182
LSE107,Office - Bengaluru HQ,2,2024-12,57366251,875000,444588,430412,56935840,57378182,745171,56633011
LSE107,Office - Bengaluru HQ,3,2025-01,56935840,875000,441253,433747,56502093,56633011,745171,55887839
LSE107,Office - Bengaluru HQ,4,2025-02,56502093,875000,437891,437109,56064984,55887839,745171,55142668
LSE107,Office - Bengaluru HQ,5,2025-03,56064984,875000,434504,440496,55624488,55142668,745171,54397497
LSE107,Office - Bengaluru HQ,6,2025-04,55624488,875000,431090,443910,55180577,54397497,745171,53652326
LSE107,Office - Bengaluru HQ,7,2025-05,55180577,875000,427649,447351,54733227,53652326,745171,52907155
LSE107,Office - Bengaluru HQ,8,2025-06,54733227,875000,424183,450817,54282409,52907155,745171,52161983
LSE107,Office - Bengaluru HQ,9,2025-07,54282409,875000,420689,454311,53828098,52161983,745171,51416812
LSE107,Office - Bengaluru HQ,10,2025-08,53828098,875000,417168,457832,53370266,51416812,745171,50671641
LSE107,Office - Bengaluru HQ,11,2025-09,53370266,875000,413620,461380,52908885,50671641,745171,49926470
LSE107,Office - Bengaluru HQ,12,2025-10,52908885,875000,410044,464956,52443929,49926470,745171,49181299
LSE107,Office - Bengaluru HQ,13,2025-11,52443929,918750,406440,512310,51931620,49181299,745171,48436127
LSE107,Office - Bengaluru HQ,14,2025-12,51931620,918750,402470,516280,51415340,48436127,745171,47690956
LSE107,Office - Bengaluru HQ,15,2026-01,51415340,918750,398469,520281,50895059,47690956,745171,46945785
LSE107,Office - Bengaluru HQ,16,2026-02,50895059,918750,394437,524313,50370745,46945785,745171,46200614
LSE107,Office - Bengaluru HQ,17,2026-03,50370745,918750,390373,528377,49842369,46200614,745171,45455443
LSE107,Office - Bengaluru HQ,18,2026-04,49842369,918750,386278,532472,49309897,45455443,745171,44710272
LSE107,Office - Bengaluru HQ,19,2026-05,49309897,918750,382152,536598,48773299,44710272,745171,43965100
LSE107,Office - Bengaluru HQ,20,2026-06,48773299,918750,377993,540757,48232542,43965100,745171,43219929
LSE107,Office - Bengaluru HQ,21,2026-07,48232542,918750,373802,544948,47687594,43219929,745171,42474758
LSE107,Office - Bengaluru HQ,22,2026-08,47687594,918750,369579,549171,47138423,42474758,745171,41729587
LSE107,Office - Bengaluru HQ,23,2026-09,47138423,918750,365323,553427,46584995,41729587,745171,40984416
LSE107,Office - Bengaluru HQ,24,2026-10,46584995,918750,361034,557716,46027279,40984416,745171,40239244
LSE107,Office - Bengaluru HQ,25,2026-11,46027279,964688,356711,607976,45419303,40239244,745171,39494073
LSE107,Office - Bengaluru HQ,26,2026-12,45419303,964688,352000,612688,44806615,39494073,745171,38748902
LSE107,Office - Bengaluru HQ,27,2027-01,44806615,964688,347251,617436,44189179,38748902,745171,38003731
LSE107,Office - Bengaluru HQ,28,2027-02,44189179,964688,342466,622221,43566958,38003731,745171,37258560
LSE107,Office - Bengaluru HQ,29,2027-03,43566958,964688,337644,627044,42939914,37258560,745171,36513388
LSE107,Office - Bengaluru HQ,30,2027-04,42939914,964688,332784,631903,42308011,36513388,745171,35768217
LSE107,Office - Bengaluru HQ,31,2027-05,42308011,964688,327887,636800,41671210,35768217,745171,35023046
LSE107,Office - Bengaluru HQ,32,2027-06,41671210,964688,322952,641736,41029475,35023046,745171,34277875
LSE107,Office - Bengaluru HQ,33,2027-07,41029475,964688,317978,646709,40382766,34277875,745171,33532704
LSE107,Office - Bengaluru HQ,34,2027-08,40382766,964688,312966,651721,39731045,33532704,745171,32787532
LSE107,Office - Bengaluru HQ,35,2027-09,39731045,964688,307916,656772,39074273,32787532,745171,32042361
LSE107,Office - Bengaluru HQ,36,2027-10,39074273,964688,302826,661862,38412411,32042361,745171,31297190
LSE107,Office - Bengaluru HQ,37,2027-11,38412411,1012922,297696,715226,37697185,31297190,745171,30552019
LSE107,Office - Bengaluru HQ,38,2027-12,37697185,1012922,292153,720769,36976417,30552019,745171,29806848
LSE107,Office - Bengaluru HQ,39,2028-01,36976417,1012922,286567,726355,36250062,29806848,745171,29061676
LSE107,Office - Bengaluru HQ,40,2028-02,36250062,1012922,280938,731984,35518078,29061676,745171,28316505
LSE107,Office - Bengaluru HQ,41,2028-03,35518078,1012922,275265,737657,34780421,28316505,745171,27571334
LSE107,Office - Bengaluru HQ,42,2028-04,34780421,1012922,269548,743374,34037048,27571334,745171,26826163
LSE107,Office - Bengaluru HQ,43,2028-05,34037048,1012922,263787,749135,33287913,26826163,745171,26080992
LSE107,Office - Bengaluru HQ,44,2028-06,33287913,1012922,257981,754941,32532972,26080992,745171,25335821
LSE107,Office - Bengaluru HQ,45,2028-07,32532972,1012922,252131,760791,31772181,25335821,745171,24590649
LSE107,Office - Bengaluru HQ,46,2028-08,31772181,1012922,246234,766687,31005493,24590649,745171,23845478
LSE107,Office - Bengaluru HQ,47,2028-09,31005493,1012922,240293,772629,30232864,23845478,745171,23100307
LSE107,Office - Bengaluru HQ,48,2028-10,30232864,1012922,234305,778617,29454247,23100307,745171,22355136
LSE107,Office - Bengaluru HQ,49,2028-11,29454247,1063568,228270,835298,28618949,22355136,745171,21609965
LSE107,Office - Bengaluru HQ,50,2028-12,28618949,1063568,221797,841771,27777178,21609965,745171,20864793
LSE107,Office - Bengaluru HQ,51,2029-01,27777178,1063568,215273,848295,26928883,20864793,745171,20119622
LSE107,Office - Bengaluru HQ,52,2029-02,26928883,1063568,208699,854869,26074014,20119622,745171,19374451
LSE107,Office - Bengaluru HQ,53,2029-03,26074014,1063568,202074,861494,25212520,19374451,745171,18629280
LSE107,Office - Bengaluru HQ,54,2029-04,25212520,1063568,195397,868171,24344349,18629280,745171,17884109
LSE107,Office - Bengaluru HQ,55,2029-05,24344349,1063568,188669,874899,23469450,17884109,745171,17138937
LSE107,Office - Bengaluru HQ,56,2029-06,23469450,1063568,181888,881680,22587770,17138937,745171,16393766
LSE107,Office - Bengaluru HQ,57,2029-07,22587770,1063568,175055,888513,21699257,16393766,745171,15648595
LSE107,Office - Bengaluru HQ,58,2029-08,21699257,1063568,168169,895399,20803859,15648595,745171,14903424
LSE107,Office - Bengaluru HQ,59,2029-09,20803859,1063568,161230,902338,19901521,14903424,745171,14158253
LSE107,Office - Bengaluru HQ,60,2029-10,19901521,1063568,154237,909331,18992189,14158253,745171,13413081
LSE107,Office - Bengaluru HQ,61,2029-11,18992189,1116746,147189,969557,18022632,13413081,745171,12667910
LSE107,Office - Bengaluru HQ,62,2029-12,18022632,1116746,139675,977071,17045561,12667910,745171,11922739
LSE107,Office - Bengaluru HQ,63,2030-01,17045561,1116746,132103,984643,16060918,11922739,745171,11177568
LSE107,Office - Bengaluru HQ,64,2030-02,16060918,1116746,124472,992274,15068644,11177568,745171,10432397
LSE107,Office - Bengaluru HQ,65,2030-03,15068644,1116746,116782,999964,14068680,10432397,745171,9687225
LSE107,Office - Bengaluru HQ,66,2030-04,14068680,1116746,109032,1007714,13060965,9687225,745171,8942054
LSE107,Office - Bengaluru HQ,67,2030-05,13060965,1116746,101222,1015524,12045442,8942054,745171,8196883
LSE107,Office - Bengaluru HQ,68,2030-06,12045442,1116746,93352,1023394,11022047,8196883,745171,7451712
LSE107,Office - Bengaluru HQ,69,2030-07,11022047,1116746,85421,1031325,9990722,7451712,745171,6706541
LSE107,Office - Bengaluru HQ,70,2030-08,9990722,1116746,77428,1039318,8951404,6706541,745171,5961370
LSE107,Office - Bengaluru HQ,71,2030-09,8951404,1116746,69373,1047373,7904031,5961370,745171,5216198
LSE107,Office - Bengaluru HQ,72,2030-10,7904031,1116746,61256,1055490,6848541,5216198,745171,4471027
LSE107,Office - Bengaluru HQ,73,2030-11,6848541,1172584,53076,1119507,5729033,4471027,745171,3725856
LSE107,Office - Bengaluru HQ,74,2030-12,5729033,1172584,44400,1128184,4600849,3725856,745171,2980685
LSE107,Office - Bengaluru HQ,75,2031-01,4600849,1172584,35657,1136927,3463922,2980685,745171,2235514
LSE107,Office - Bengaluru HQ,76,2031-02,3463922,1172584,26845,1145738,2318184,2235514,745171,1490342
LSE107,Office - Bengaluru HQ,77,2031-03,2318184,1172584,17966,1154618,1163566,1490342,745171,745171
LSE107,Office - Bengaluru HQ,78,2031-04,1163566,1172584,9018,1163566,0,745171,745171,0
LSE108,Vehicle - Director (SUV),1,2024-05,2324141,66000,19697,46303,2277838,2330141,55480,2274661
LSE108,Vehicle - Director (SUV),2,2024-06,2277838,66000,19305,46695,2231143,2274661,55480,2219182
LSE108,Vehicle - Director (SUV),3,2024-07,2231143,66000,18909,47091,2184052,2219182,55480,2163702
LSE108,Vehicle - Director (SUV),4,2024-08,2184052,66000,18510,47490,2136562,2163702,55480,2108223
LSE108,Vehicle - Director (SUV),5,2024-09,2136562,66000,18107,47893,2088669,2108223,55480,2052743
LSE108,Vehicle - Director (SUV),6,2024-10,2088669,66000,17701,48299,2040370,2052743,55480,1997264
LSE108,Vehicle - Director (SUV),7,2024-11,2040370,66000,17292,48708,1991663,1997264,55480,1941784
LSE108,Vehicle - Director (SUV),8,2024-12,1991663,66000,16879,49121,1942542,1941784,55480,1886305
LSE108,Vehicle - Director (SUV),9,2025-01,1942542,66000,16463,49537,1893005,1886305,55480,1830825
LSE108,Vehicle - Director (SUV),10,2025-02,1893005,66000,16043,49957,1843048,1830825,55480,1775346
LSE108,Vehicle - Director (SUV),11,2025-03,1843048,66000,15620,50380,1792668,1775346,55480,1719866
LSE108,Vehicle - Director (SUV),12,2025-04,1792668,66000,15193,50807,1741861,1719866,55480,1664386
LSE108,Vehicle - Director (SUV),13,2025-05,1741861,66000,14762,51238,1690623,1664386,55480,1608907
LSE108,Vehicle - Director (SUV),14,2025-06,1690623,66000,14328,51672,1638951,1608907,55480,1553427
LSE108,Vehicle - Director (SUV),15,2025-07,1638951,66000,13890,52110,1586841,1553427,55480,1497948
LSE108,Vehicle - Director (SUV),16,2025-08,1586841,66000,13448,52552,1534290,1497948,55480,1442468
LSE108,Vehicle - Director (SUV),17,2025-09,1534290,66000,13003,52997,1481293,1442468,55480,1386989
LSE108,Vehicle - Director (SUV),18,2025-10,1481293,66000,12554,53446,1427847,1386989,55480,1331509
LSE108,Vehicle - Director (SUV),19,2025-11,1427847,66000,12101,53899,1373948,1331509,55480,1276030
LSE108,Vehicle - Director (SUV),20,2025-12,1373948,66000,11644,54356,1319592,1276030,55480,1220550
LSE108,Vehicle - Director (SUV),21,2026-01,1319592,66000,11184,54816,1264776,1220550,55480,1165071
LSE108,Vehicle - Director (SUV),22,2026-02,1264776,66000,10719,55281,1209494,1165071,55480,1109591
LSE108,Vehicle - Director (SUV),23,2026-03,1209494,66000,10250,55750,1153745,1109591,55480,1054111
LSE108,Vehicle - Director (SUV),24,2026-04,1153745,66000,9778,56222,1097523,1054111,55480,998632
LSE108,Vehicle - Director (SUV),25,2026-05,1097523,66000,9302,56698,1040824,998632,55480,943152
LSE108,Vehicle - Director (SUV),26,2026-06,1040824,66000,8821,57179,983645,943152,55480,887673
LSE108,Vehicle - Director (SUV),27,2026-07,983645,66000,8336,57664,925982,887673,55480,832193
LSE108,Vehicle - Director (SUV),28,2026-08,925982,66000,7848,58152,867830,832193,55480,776714
LSE108,Vehicle - Director (SUV),29,2026-09,867830,66000,7355,58645,809184,776714,55480,721234
LSE108,Vehicle - Director (SUV),30,2026-10,809184,66000,6858,59142,750042,721234,55480,665755
LSE108,Vehicle - Director (SUV),31,2026-11,750042,66000,6357,59643,690399,665755,55480,610275
LSE108,Vehicle - Director (SUV),32,2026-12,690399,66000,5851,60149,630250,610275,55480,554795
LSE108,Vehicle - Director (SUV),33,2027-01,630250,66000,5341,60659,569591,554795,55480,499316
LSE108,Vehicle - Director (SUV),34,2027-02,569591,66000,4827,61173,508419,499316,55480,443836
LSE108,Vehicle - Director (SUV),35,2027-03,508419,66000,4309,61691,446727,443836,55480,388357
LSE108,Vehicle - Director (SUV),36,2027-04,446727,66000,3786,62214,384513,388357,55480,332877
LSE108,Vehicle - Director (SUV),37,2027-05,384513,66000,3259,62741,321772,332877,55480,277398
LSE108,Vehicle - Director (SUV),38,2027-06,321772,66000,2727,63273,258499,277398,55480,221918
LSE108,Vehicle - Director (SUV),39,2027-07,258499,66000,2191,63809,194690,221918,55480,166439
LSE108,Vehicle - Director (SUV),40,2027-08,194690,66000,1650,64350,130340,166439,55480,110959
LSE108,Vehicle - Director (SUV),41,2027-09,130340,66000,1105,64895,65445,110959,55480,55480
LSE108,Vehicle - Director (SUV),42,2027-10,65445,66000,555,65445,0,55480,55480,0
LSE109,Laptops - Fleet Lease,1,2024-04,1334168,61000,11663,49337,1284831,1343168,55965,1287203
LSE109,Laptops - Fleet Lease,2,2024-05,1284831,61000,11232,49768,1235062,1287203,55965,1231237
LSE109,Laptops - Fleet Lease,3,2024-06,1235062,61000,10797,50203,1184859,1231237,55965,1175272
LSE109,Laptops - Fleet Lease,4,2024-07,1184859,61000,10358,50642,1134217,1175272,55965,1119307
LSE109,Laptops - Fleet Lease,5,2024-08,1134217,61000,9915,51085,1083132,1119307,55965,1063341
LSE109,Laptops - Fleet Lease,6,2024-09,1083132,61000,9468,51532,1031600,1063341,55965,1007376
LSE109,Laptops - Fleet Lease,7,2024-10,1031600,61000,9018,51982,979618,1007376,55965,951411
LSE109,Laptops - Fleet Lease,8,2024-11,979618,61000,8563,52437,927181,951411,55965,895445
LSE109,Laptops - Fleet Lease,9,2024-12,927181,61000,8105,52895,874286,895445,55965,839480
LSE109,Laptops - Fleet Lease,10,2025-01,874286,61000,7643,53357,820929,839480,55965,783515
LSE109,Laptops - Fleet Lease,11,2025-02,820929,61000,7176,53824,767105,783515,55965,727549
LSE109,Laptops - Fleet Lease,12,2025-03,767105,61000,6706,54294,712811,727549,55965,671584
LSE109,Laptops - Fleet Lease,13,2025-04,712811,62830,6231,56599,656212,671584,55965,615619
LSE109,Laptops - Fleet Lease,14,2025-05,656212,62830,5736,57094,599119,615619,55965,559653
LSE109,Laptops - Fleet Lease,15,2025-06,599119,62830,5237,57593,541526,559653,55965,503688
LSE109,Laptops - Fleet Lease,16,2025-07,541526,62830,4734,58096,483430,503688,55965,447723
LSE109,Laptops - Fleet Lease,17,2025-08,483430,62830,4226,58604,424826,447723,55965,391757
LSE109,Laptops - Fleet Lease,18,2025-09,424826,62830,3714,59116,365710,391757,55965,335792
LSE109,Laptops - Fleet Lease,19,2025-10,365710,62830,3197,59633,306076,335792,55965,279827
LSE109,Laptops - Fleet Lease,20,2025-11,306076,62830,2676,60154,245922,279827,55965,223861
LSE109,Laptops - Fleet Lease,21,2025-12,245922,62830,2150,60680,185242,223861,55965,167896
LSE109,Laptops - Fleet Lease,22,2026-01,185242,62830,1619,61211,124031,167896,55965,111931
LSE109,Laptops - Fleet Lease,23,2026-02,124031,62830,1084,61746,62285,111931,55965,55965
LSE109,Laptops - Fleet Lease,24,2026-03,62285,62830,544,62286,0,55965,55965,0
LSE110,Office - Pune Delivery Centre,1,2024-10,95219282,1167000,793494,373506,94845776,95536282,995170,94541112
LSE110,Office - Pune Delivery Centre,2,2024-11,94845776,1167000,790381,376619,94469157,94541112,995170,93545943
LSE110,Office - Pune Delivery Centre,3,2024-12,94469157,1167000,787243,379757,94089400,93545943,995170,92550773
LSE110,Office - Pune Delivery Centre,4,2025-01,94089400,1167000,784078,382922,93706479,92550773,995170,91555604
LSE110,Office - Pune Delivery Centre,5,2025-02,93706479,1167000,780887,386113,93320366,91555604,995170,90560434
LSE110,Office - Pune Delivery Centre,6,2025-03,93320366,1167000,777670,389330,92931036,90560434,995170,89565264
LSE110,Office - Pune Delivery Centre,7,2025-04,92931036,1167000,774425,392575,92538461,89565264,995170,88570095
LSE110,Office - Pune Delivery Centre,8,2025-05,92538461,1167000,771154,395846,92142615,88570095,995170,87574925
LSE110,Office - Pune Delivery Centre,9,2025-06,92142615,1167000,767855,399145,91743470,87574925,995170,86579756
LSE110,Office - Pune Delivery Centre,10,2025-07,91743470,1167000,764529,402471,91340999,86579756,995170,85584586
LSE110,Office - Pune Delivery Centre,11,2025-08,91340999,1167000,761175,405825,90935174,85584586,995170,84589416
LSE110,Office - Pune Delivery Centre,12,2025-09,90935174,1167000,757793,409207,90525967,84589416,995170,83594247
LSE110,Office - Pune Delivery Centre,13,2025-10,90525967,1248690,754383,494307,90031660,83594247,995170,82599077
LSE110,Office - Pune Delivery Centre,14,2025-11,90031660,1248690,750264,498426,89533234,82599077,995170,81603908
LSE110,Office - Pune Delivery Centre,15,2025-12,89533234,1248690,746110,502580,89030654,81603908,995170,80608738
LSE110,Office - Pune Delivery Centre,16,2026-01,89030654,1248690,741922,506768,88523886,80608738,995170,79613568
LSE110,Office - Pune Delivery Centre,17,2026-02,88523886,1248690,737699,510991,88012895,79613568,995170,78618399
LSE110,Office - Pune Delivery Centre,18,2026-03,88012895,1248690,733441,515249,87497646,78618399,995170,77623229
LSE110,Office - Pune Delivery Centre,19,2026-04,87497646,1248690,729147,519543,86978103,77623229,995170,76628060
LSE110,Office - Pune Delivery Centre,20,2026-05,86978103,1248690,724818,523872,86454231,76628060,995170,75632890
LSE110,Office - Pune Delivery Centre,21,2026-06,86454231,1248690,720452,528238,85925993,75632890,995170,74637720
LSE110,Office - Pune Delivery Centre,22,2026-07,85925993,1248690,716050,532640,85393353,74637720,995170,73642551
LSE110,Office - Pune Delivery Centre,23,2026-08,85393353,1248690,711611,537079,84856274,73642551,995170,72647381
LSE110,Office - Pune Delivery Centre,24,2026-09,84856274,1248690,707136,541554,84314720,72647381,995170,71652211
LSE110,Office - Pune Delivery Centre,25,2026-10,84314720,1336098,702623,633476,83681244,71652211,995170,70657042
LSE110,Office - Pune Delivery Centre,26,2026-11,83681244,1336098,697344,638755,83042489,70657042,995170,69661872
LSE110,Office - Pune Delivery Centre,27,2026-12,83042489,1336098,692021,644078,82398412,69661872,995170,68666703
LSE110,Office - Pune Delivery Centre,28,2027-01,82398412,1336098,686653,649445,81748967,68666703,995170,67671533
LSE110,Office - Pune Delivery Centre,29,2027-02,81748967,1336098,681241,654857,81094110,67671533,995170,66676363
LSE110,Office - Pune Delivery Centre,30,2027-03,81094110,1336098,675784,660314,80433796,66676363,995170,65681194
LSE110,Office - Pune Delivery Centre,31,2027-04,80433796,1336098,670282,665817,79767979,65681194,995170,64686024
LSE110,Office - Pune Delivery Centre,32,2027-05,79767979,1336098,664733,671365,79096614,64686024,995170,63690855
LSE110,Office - Pune Delivery Centre,33,2027-06,79096614,1336098,659138,676960,78419654,63690855,995170,62695685
LSE110,Office - Pune Delivery Centre,34,2027-07,78419654,1336098,653497,682601,77737053,62695685,995170,61700515
LSE110,Office - Pune Delivery Centre,35,2027-08,77737053,1336098,647809,688290,77048764,61700515,995170,60705346
LSE110,Office - Pune Delivery Centre,36,2027-09,77048764,1336098,642073,694025,76354738,60705346,995170,59710176
LSE110,Office - Pune Delivery Centre,37,2027-10,76354738,1429625,636289,793336,75561403,59710176,995170,58715007
LSE110,Office - Pune Delivery Centre,38,2027-11,75561403,1429625,629678,799947,74761456,58715007,995170,57719837
LSE110,Office - Pune Delivery Centre,39,2027-12,74761456,1429625,623012,806613,73954843,57719837,995170,56724667
LSE110,Office - Pune Delivery Centre,40,2028-01,73954843,1429625,616290,813335,73141508,56724667,995170,55729498
LSE110,Office - Pune Delivery Centre,41,2028-02,73141508,1429625,609513,820113,72321395,55729498,995170,54734328
LSE110,Office - Pune Delivery Centre,42,2028-03,72321395,1429625,602678,826947,71494448,54734328,995170,53739159
LSE110,Office - Pune Delivery Centre,43,2028-04,71494448,1429625,595787,833838,70660610,53739159,995170,52743989
LSE110,Office - Pune Delivery Centre,44,2028-05,70660610,1429625,588838,840787,69819824,52743989,995170,51748819
LSE110,Office - Pune Delivery Centre,45,2028-06,69819824,1429625,581832,847793,68972030,51748819,995170,50753650
LSE110,Office - Pune Delivery Centre,46,2028-07,68972030,1429625,574767,854858,68117172,50753650,995170,49758480
LSE110,Office - Pune Delivery Centre,47,2028-08,68117172,1429625,567643,861982,67255190,49758480,995170,48763311
LSE110,Office - Pune Delivery Centre,48,2028-09,67255190,1429625,560460,869165,66386025,48763311,995170,47768141
LSE110,Office - Pune Delivery Centre,49,2028-10,66386025,1529699,553217,976482,65409543,47768141,995170,46772971
LSE110,Office - Pune Delivery Centre,50,2028-11,65409543,1529699,545080,984619,64424923,46772971,995170,45777802
LSE110,Office - Pune Delivery Centre,51,2028-12,64424923,1529699,536874,992825,63432099,45777802,995170,44782632
LSE110,Office - Pune Delivery Centre,52,2029-01,63432099,1529699,528601,1001098,62431000,44782632,995170,43787463
LSE110,Office - Pune Delivery Centre,53,2029-02,62431000,1529699,520258,1009441,61421560,43787463,995170,42792293
LSE110,Office - Pune Delivery Centre,54,2029-03,61421560,1529699,511846,1017853,60403707,42792293,995170,41797123
LSE110,Office - Pune Delivery Centre,55,2029-04,60403707,1529699,503364,1026335,59377373,41797123,995170,40801954
LSE110,Office - Pune Delivery Centre,56,2029-05,59377373,1529699,494811,1034888,58342485,40801954,995170,39806784
LSE110,Office - Pune Delivery Centre,57,2029-06,58342485,1529699,486187,1043512,57298973,39806784,995170,38811615
LSE110,Office - Pune Delivery Centre,58,2029-07,57298973,1529699,477491,1052207,56246766,38811615,995170,37816445
LSE110,Office - Pune Delivery Centre,59,2029-08,56246766,1529699,468723,1060976,55185790,37816445,995170,36821275
LSE110,Office - Pune Delivery Centre,60,2029-09,55185790,1529699,459882,1069817,54115973,36821275,995170,35826106
LSE110,Office - Pune Delivery Centre,61,2029-10,54115973,1636778,450966,1185811,52930161,35826106,995170,34830936
LSE110,Office - Pune Delivery Centre,62,2029-11,52930161,1636778,441085,1195693,51734468,34830936,995170,33835767
LSE110,Office - Pune Delivery Centre,63,2029-12,51734468,1636778,431121,1205657,50528811,33835767,995170,32840597
LSE110,Office - Pune Delivery Centre,64,2030-01,50528811,1636778,421073,1215704,49313106,32840597,995170,31845427
LSE110,Office - Pune Delivery Centre,65,2030-02,49313106,1636778,410943,1225835,48087271,31845427,995170,30850258
LSE110,Office - Pune Delivery Centre,66,2030-03,48087271,1636778,400727,1236051,46851220,30850258,995170,29855088
LSE110,Office - Pune Delivery Centre,67,2030-04,46851220,1636778,390427,1246351,45604869,29855088,995170,28859919
LSE110,Office - Pune Delivery Centre,68,2030-05,45604869,1636778,380041,1256737,44348132,28859919,995170,27864749
LSE110,Office - Pune Delivery Centre,69,2030-06,44348132,1636778,369568,1267210,43080922,27864749,995170,26869579
LSE110,Office - Pune Delivery Centre,70,2030-07,43080922,1636778,359008,1277770,41803152,26869579,995170,25874410
LSE110,Office - Pune Delivery Centre,71,2030-08,41803152,1636778,348360,1288418,40514734,25874410,995170,24879240
LSE110,Office - Pune Delivery Centre,72,2030-09,40514734,1636778,337623,1299155,39215578,24879240,995170,23884070
LSE110,Office - Pune Delivery Centre,73,2030-10,39215578,1751352,326796,1424556,37791023,23884070,995170,22888901
LSE110,Office - Pune Delivery Centre,74,2030-11,37791023,1751352,314925,1436427,36354595,22888901,995170,21893731
LSE110,Office - Pune Delivery Centre,75,2030-12,36354595,1751352,302955,1448397,34906198,21893731,995170,20898562
LSE110,Office - Pune Delivery Centre,76,2031-01,34906198,1751352,290885,1460467,33445731,20898562,995170,19903392
LSE110,Office - Pune Delivery Centre,77,2031-02,33445731,1751352,278714,1472638,31973093,19903392,995170,18908222
LSE110,Office - Pune Delivery Centre,78,2031-03,31973093,1751352,266442,1484910,30488183,18908222,995170,17913053
LSE110,Office - Pune Delivery Centre,79,2031-04,30488183,1751352,254068,1497284,28990899,17913053,995170,16917883
LSE110,Office - Pune Delivery Centre,80,2031-05,28990899,1751352,241591,1509761,27481137,16917883,995170,15922714
LSE110,Office - Pune Delivery Centre,81,2031-06,27481137,1751352,229009,1522343,25958795,15922714,995170,14927544
LSE110,Office - Pune Delivery Centre,82,2031-07,25958795,1751352,216323,1535029,24423766,14927544,995170,13932374
LSE110,Office - Pune Delivery Centre,83,2031-08,24423766,1751352,203531,1547821,22875945,13932374,995170,12937205
LSE110,Office - Pune Delivery Centre,84,2031-09,22875945,1751352,190633,1560719,21315225,12937205,995170,11942035
LSE110,Office - Pune Delivery Centre,85,2031-10,21315225,1873947,177627,1696320,19618905,11942035,995170,10946866
LSE110,Office - Pune Delivery Centre,86,2031-11,19618905,1873947,163491,1710456,17908449,10946866,995170,9951696
LSE110,Office - Pune Delivery Centre,87,2031-12,17908449,1873947,149237,1724710,16183739,9951696,995170,8956526
LSE110,Office - Pune Delivery Centre,88,2032-01,16183739,1873947,134864,1739082,14444656,8956526,995170,7961357
LSE110,Office - Pune Delivery Centre,89,2032-02,14444656,1873947,120372,1753575,12691082,7961357,995170,6966187
LSE110,Office - Pune Delivery Centre,90,2032-03,12691082,1873947,105759,1768188,10922894,6966187,995170,5971018
LSE110,Office - Pune Delivery Centre,91,2032-04,10922894,1873947,91024,1782923,9139971,5971018,995170,4975848
LSE110,Office - Pune Delivery Centre,92,2032-05,9139971,1873947,76166,1797781,7342190,4975848,995170,3980678
LSE110,Office - Pune Delivery Centre,93,2032-06,7342190,1873947,61185,1812762,5529428,3980678,995170,2985509
LSE110,Office - Pune Delivery Centre,94,2032-07,5529428,1873947,46079,1827868,3701560,2985509,995170,1990339
LSE110,Office - Pune Delivery Centre,95,2032-08,3701560,1873947,30846,1843101,1858459,1990339,995170,995170
LSE110,Office - Pune Delivery Centre,96,2032-09,1858459,1873947,15487,1858460,0,995170,995170,0
